structure_id,source_path,formula,structure_class,is_bulk,is_gb,translation_state,translation_index,li_vac_region,vacancy_count,has_vacancy,natoms,li_count,p_count,s_count,cl_count,lattice_a_A,lattice_b_A,lattice_c_A,volume_ang3,mass_density_g_cm3,li_fraction,li_number_density_per_A3,gb_delta_A,gb_z0_A,min_pair_distance_A,min_pair_label,li_s_nn_mean_A,li_s_nn_std_A,li_s_nn_min_A,li_s_nn_max_A,li_cl_nn_mean_A,li_cl_nn_std_A,li_cl_nn_min_A,li_cl_nn_max_A,li_li_nn_mean_A,li_li_nn_std_A,li_li_nn_min_A,li_li_nn_max_A,p_s_nn_mean_A,p_s_nn_std_A,p_s_nn_min_A,p_s_nn_max_A,li_s_coord_3p0_mean,li_s_coord_3p0_std,li_cl_coord_3p5_mean,li_cl_coord_3p5_std,has_cp2k_label,cp2k_energy_Ha,cp2k_max_force_ev_per_A,cp2k_warning_count,cp2k_scf_failures,cp2k_label_source,screening_600K_d_cm2_s,screening_600K_log10D,screening_700K_d_cm2_s,screening_700K_log10D,formal_600K_d_cm2_s,formal_700K_d_cm2_s,formal_800K_d_cm2_s,has_formal_transport,formal_activation_energy_eV,formal_d_tracer_300K_cm2_s,formal_sigma_ne_upper_300K_mS_cm,run_name,label_tier,target_temperature_K,reported_temperature_K,target_md_steps,reported_md_steps,trajectory_time_ps,li_diffusion_last_half_cm2_per_s,log10_li_diffusion_last_half_cm2_per_s,li_msd_last_A2,li_rmsd_last_A,frames_saved,save_interval_steps,energy_per_atom_eV,fmax_eV_per_A,fmean_eV_per_A,frms_eV_per_A,run_min_pair_distance_A,run_min_pair_label,model_path,device
bulk_Li_vac_c1_s1,D:\毕业设计\LPSCl_UMA_transport_project\01_structures\bulk_Li_vac_c1_s1\POSCAR,Li191P32S160Cl32,bulk,1,0,NA,0,bulk,1,1,415,191,32,160,32,20.561,20.561,20.561,8692.259818480996,1.639227141018598,0.4602409638554217,0.02197357234926486,nan,nan,2.057676327677974,P-S,2.3322461101673286,0.0004307159098233628,2.332000040209997,2.3330001272500027,3.6423269597177788,0.00012057804792365485,3.64224777063285,3.643018708622382,3.298120100704079,0.0003045947834741149,3.29794608431958,3.2986533284490447,2.0580373042401794,0.00027961124275704025,2.057676327677974,2.058253890177504,3.0,0.0,0.0,0.0,0,nan,nan,nan,nan,,2.528449074453878e-05,-4.5971457890776675,1.5181028819486334e-05,-4.818698795272867,nan,nan,nan,0,,,,md_600K_1000steps,screening,600,451.403837933221,1000,1000,1.0,2.528449074453878e-05,-4.5971457890776675,1.4088645795061463,1.1869560141412765,51,20,-4.1022890024804335,2.822493314743042,0.7255035638809204,0.8692029118537903,1.9314167782251164,P-S,/root/models/uma-s-1p2.pt,cuda
bulk_Li_vac_c1_s1,D:\毕业设计\LPSCl_UMA_transport_project\01_structures\bulk_Li_vac_c1_s1\POSCAR,Li191P32S160Cl32,bulk,1,0,NA,0,bulk,1,1,415,191,32,160,32,20.561,20.561,20.561,8692.259818480996,1.639227141018598,0.4602409638554217,0.02197357234926486,nan,nan,2.057676327677974,P-S,2.3322461101673286,0.0004307159098233628,2.332000040209997,2.3330001272500027,3.6423269597177788,0.00012057804792365485,3.64224777063285,3.643018708622382,3.298120100704079,0.0003045947834741149,3.29794608431958,3.2986533284490447,2.0580373042401794,0.00027961124275704025,2.057676327677974,2.058253890177504,3.0,0.0,0.0,0.0,0,nan,nan,nan,nan,,2.528449074453878e-05,-4.5971457890776675,1.5181028819486334e-05,-4.818698795272867,nan,nan,nan,0,,,,md_700K_1000steps,screening,700,566.7851105043547,1000,1000,1.0,1.5181028819486334e-05,-4.818698795272867,1.4118449142714038,1.1882108038018353,51,20,-4.094980944746718,3.628375291824341,0.7642825245857239,0.9513809084892273,1.9237486122876541,P-S,/root/models/uma-s-1p2.pt,cuda
bulk_ordered,D:\毕业设计\LPSCl_UMA_transport_project\01_structures\bulk_ordered\POSCAR,Li192P32S160Cl32,bulk,1,0,NA,0,bulk,0,0,416,192,32,160,32,20.561,20.561,20.561,8692.259818480996,1.6405529344678098,0.46153846153846156,0.022088617230674623,nan,nan,2.057676327677974,P-S,2.3322500362687495,0.00043300587849799595,2.332000040209997,2.3330001272500027,3.6423268869907073,0.00012026783270353998,3.64224777063285,3.643018708622382,3.2981228771745243,0.00030621420933184647,3.29794608431958,3.2986533284490447,2.0580373042401794,0.00027961124275704025,2.057676327677974,2.058253890177504,3.0,0.0,0.0,0.0,0,nan,nan,nan,nan,,2.6017599580407203e-05,-4.584732774533566,3.357459799872872e-05,-4.473989178599054,5.362511161670425e-06,8.284503384540898e-06,1.408559762561009e-05,1,0.19743972369073073,1.139047488241793e-07,15.59288982287784,md_600K_20steps,pilot,600,333.3428877263927,20,20,0.02,6.293739532496077e-05,-4.201091234403474,0.05649592387956581,0.2376887121416703,21,1,-4.085012971746485,2.8705105781555176,0.7287982106208801,0.8527534604072571,1.9569638624072783,P-S,/root/models/uma-s-1p2.pt,cuda
bulk_ordered,D:\毕业设计\LPSCl_UMA_transport_project\01_structures\bulk_ordered\POSCAR,Li192P32S160Cl32,bulk,1,0,NA,0,bulk,0,0,416,192,32,160,32,20.561,20.561,20.561,8692.259818480996,1.6405529344678098,0.46153846153846156,0.022088617230674623,nan,nan,2.057676327677974,P-S,2.3322500362687495,0.00043300587849799595,2.332000040209997,2.3330001272500027,3.6423268869907073,0.00012026783270353998,3.64224777063285,3.643018708622382,3.2981228771745243,0.00030621420933184647,3.29794608431958,3.2986533284490447,2.0580373042401794,0.00027961124275704025,2.057676327677974,2.058253890177504,3.0,0.0,0.0,0.0,0,nan,nan,nan,nan,,2.6017599580407203e-05,-4.584732774533566,3.357459799872872e-05,-4.473989178599054,5.362511161670425e-06,8.284503384540898e-06,1.408559762561009e-05,1,0.19743972369073073,1.139047488241793e-07,15.59288982287784,md_600K_1000steps,screening,600,569.7701836957275,1000,1000,1.0,2.6017599580407203e-05,-4.584732774533566,2.042036132618224,1.4289982969262853,51,20,-4.097889662041637,3.162869691848755,0.7291039824485779,0.8727169632911682,1.9443128583423197,P-S,/root/models/uma-s-1p2.pt,cuda
bulk_ordered,D:\毕业设计\LPSCl_UMA_transport_project\01_structures\bulk_ordered\POSCAR,Li192P32S160Cl32,bulk,1,0,NA,0,bulk,0,0,416,192,32,160,32,20.561,20.561,20.561,8692.259818480996,1.6405529344678098,0.46153846153846156,0.022088617230674623,nan,nan,2.057676327677974,P-S,2.3322500362687495,0.00043300587849799595,2.332000040209997,2.3330001272500027,3.6423268869907073,0.00012026783270353998,3.64224777063285,3.643018708622382,3.2981228771745243,0.00030621420933184647,3.29794608431958,3.2986533284490447,2.0580373042401794,0.00027961124275704025,2.057676327677974,2.058253890177504,3.0,0.0,0.0,0.0,0,nan,nan,nan,nan,,2.6017599580407203e-05,-4.584732774533566,3.357459799872872e-05,-4.473989178599054,5.362511161670425e-06,8.284503384540898e-06,1.408559762561009e-05,1,0.19743972369073073,1.139047488241793e-07,15.59288982287784,md_600K_20000steps,formal,600,589.097399648162,20000,20000,20.0,5.362511161670425e-06,-5.270631790854431,10.262541189887068,3.203520124782591,201,100,-4.087404357327191,3.2936179637908936,0.801277220249176,0.9687192440032959,1.924027470438527,P-S,/root/models/uma-s-1p2.pt,cuda
bulk_ordered,D:\毕业设计\LPSCl_UMA_transport_project\01_structures\bulk_ordered\POSCAR,Li192P32S160Cl32,bulk,1,0,NA,0,bulk,0,0,416,192,32,160,32,20.561,20.561,20.561,8692.259818480996,1.6405529344678098,0.46153846153846156,0.022088617230674623,nan,nan,2.057676327677974,P-S,2.3322500362687495,0.00043300587849799595,2.332000040209997,2.3330001272500027,3.6423268869907073,0.00012026783270353998,3.64224777063285,3.643018708622382,3.2981228771745243,0.00030621420933184647,3.29794608431958,3.2986533284490447,2.0580373042401794,0.00027961124275704025,2.057676327677974,2.058253890177504,3.0,0.0,0.0,0.0,0,nan,nan,nan,nan,,2.6017599580407203e-05,-4.584732774533566,3.357459799872872e-05,-4.473989178599054,5.362511161670425e-06,8.284503384540898e-06,1.408559762561009e-05,1,0.19743972369073073,1.139047488241793e-07,15.59288982287784,md_700K_1000steps,screening,700,658.7457078334485,1000,1000,1.0,3.357459799872872e-05,-4.473989178599054,2.2158004573858663,1.4885565012406705,51,20,-4.080764403835243,3.1554667949676514,0.8055320382118225,0.9660964608192444,1.9409414555828246,P-S,/root/models/uma-s-1p2.pt,cuda
bulk_ordered,D:\毕业设计\LPSCl_UMA_transport_project\01_structures\bulk_ordered\POSCAR,Li192P32S160Cl32,bulk,1,0,NA,0,bulk,0,0,416,192,32,160,32,20.561,20.561,20.561,8692.259818480996,1.6405529344678098,0.46153846153846156,0.022088617230674623,nan,nan,2.057676327677974,P-S,2.3322500362687495,0.00043300587849799595,2.332000040209997,2.3330001272500027,3.6423268869907073,0.00012026783270353998,3.64224777063285,3.643018708622382,3.2981228771745243,0.00030621420933184647,3.29794608431958,3.2986533284490447,2.0580373042401794,0.00027961124275704025,2.057676327677974,2.058253890177504,3.0,0.0,0.0,0.0,0,nan,nan,nan,nan,,2.6017599580407203e-05,-4.584732774533566,3.357459799872872e-05,-4.473989178599054,5.362511161670425e-06,8.284503384540898e-06,1.408559762561009e-05,1,0.19743972369073073,1.139047488241793e-07,15.59288982287784,md_700K_20000steps,formal,700,712.5262843682361,20000,20000,20.0,8.284503384540898e-06,-5.081733520294468,14.2757240419241,3.7783229139294194,201,100,-4.079293588279837,3.7965545654296875,0.8375186324119568,1.0095868110656738,1.8965019921815254,P-S,/root/models/uma-s-1p2.pt,cuda
bulk_ordered,D:\毕业设计\LPSCl_UMA_transport_project\01_structures\bulk_ordered\POSCAR,Li192P32S160Cl32,bulk,1,0,NA,0,bulk,0,0,416,192,32,160,32,20.561,20.561,20.561,8692.259818480996,1.6405529344678098,0.46153846153846156,0.022088617230674623,nan,nan,2.057676327677974,P-S,2.3322500362687495,0.00043300587849799595,2.332000040209997,2.3330001272500027,3.6423268869907073,0.00012026783270353998,3.64224777063285,3.643018708622382,3.2981228771745243,0.00030621420933184647,3.29794608431958,3.2986533284490447,2.0580373042401794,0.00027961124275704025,2.057676327677974,2.058253890177504,3.0,0.0,0.0,0.0,0,nan,nan,nan,nan,,2.6017599580407203e-05,-4.584732774533566,3.357459799872872e-05,-4.473989178599054,5.362511161670425e-06,8.284503384540898e-06,1.408559762561009e-05,1,0.19743972369073073,1.139047488241793e-07,15.59288982287784,md_800K_20000steps,formal,800,831.297645229009,20000,20000,20.0,1.408559762561009e-05,-4.8512247219832405,21.93037150366023,4.682987454997101,201,100,-4.052561781178202,4.299776077270508,0.8752450346946716,1.0611486434936523,1.9096227293718608,P-S,/root/models/uma-s-1p2.pt,cuda
gb_Sigma3_t1,D:\毕业设计\LPSCl_UMA_transport_project\01_structures\gb_Sigma3_t1\POSCAR,Li288P48S240Cl48,gb,0,1,t1,1,within_delta,0,0,624,288,48,240,48,25.181979300682464,14.538822527976606,37.212696654423695,13624.175852450795,1.570015592884513,0.46153846153846156,0.02113889332602771,10.0,18.606348,2.05897547885192,P-S,2.332124999687501,3.775755901347337e-15,2.332124999687487,2.332124999687513,3.6424894003138473,3.1606168753004742e-15,3.6424894003138406,3.6424894003138646,3.145375992371202,0.34155225349409646,2.3816419356901535,3.2981228037074155,2.0589754788519263,2.0511601988091347e-15,2.05897547885192,2.058975478851931,2.6666666666666665,0.7453559924999299,0.0,0.0,1,-5659.351330653819,nan,1,0,03_followup/results_summary.csv,5.4514583238192395e-05,-4.2634873037294,5.677682903981677e-05,-4.245828866282956,nan,nan,nan,0,,,,md_600K_1000steps,screening,600,629.6511272317224,1000,1000,1.0,5.4514583238192395e-05,-4.2634873037294,3.5142809669863078,1.8746415569346337,51,20,-3.991550217293536,4.6939802169799805,0.7947164177894592,0.967315673828125,1.8648095743990225,P-S,/root/models/uma-s-1p2.pt,cuda
gb_Sigma3_t1,D:\毕业设计\LPSCl_UMA_transport_project\01_structures\gb_Sigma3_t1\POSCAR,Li288P48S240Cl48,gb,0,1,t1,1,within_delta,0,0,624,288,48,240,48,25.181979300682464,14.538822527976606,37.212696654423695,13624.175852450795,1.570015592884513,0.46153846153846156,0.02113889332602771,10.0,18.606348,2.05897547885192,P-S,2.332124999687501,3.775755901347337e-15,2.332124999687487,2.332124999687513,3.6424894003138473,3.1606168753004742e-15,3.6424894003138406,3.6424894003138646,3.145375992371202,0.34155225349409646,2.3816419356901535,3.2981228037074155,2.0589754788519263,2.0511601988091347e-15,2.05897547885192,2.058975478851931,2.6666666666666665,0.7453559924999299,0.0,0.0,1,-5659.351330653819,nan,1,0,03_followup/results_summary.csv,5.4514583238192395e-05,-4.2634873037294,5.677682903981677e-05,-4.245828866282956,nan,nan,nan,0,,,,md_700K_1000steps,screening,700,711.0059230916743,1000,1000,1.0,5.677682903981677e-05,-4.245828866282956,3.599562765545843,1.8972513712067367,51,20,-3.9847519288876034,4.445125102996826,0.8516760468482971,1.0301897525787354,1.8824313196772697,P-S,/root/models/uma-s-1p2.pt,cuda
gb_Sigma3_t1_Li_vac_c1_s1,D:\毕业设计\LPSCl_UMA_transport_project\01_structures\gb_Sigma3_t1_Li_vac_c1_s1\POSCAR,Li287P48S240Cl48,gb,0,1,t1,1,within_delta,1,1,623,287,48,240,48,25.181979300682464,14.538822527976606,37.212696654423695,13624.175852450795,1.5691697331972196,0.4606741573033708,0.02106549439086789,10.0,18.606348,2.05897547885192,P-S,2.3321249996875006,3.75662439411175e-15,2.332124999687487,2.332124999687513,3.642489400313848,3.0752882415763384e-15,3.6424894003138406,3.6424894003138646,3.144843773516372,0.34202753915733053,2.3816419356901535,3.2981228037074155,2.0589754788519263,2.0511601988091347e-15,2.05897547885192,2.058975478851931,2.6655052264808363,0.7463931896304326,0.0,0.0,1,-5652.994497670531,0.497334,0,0,03_followup/followup_final_results.csv,2.6514421133000316e-05,-4.5765178500271455,2.7388228970304362e-05,-4.562436050012984,nan,nan,nan,0,,,,md_600K_1000steps,screening,600,540.0061546755032,1000,1000,1.0,2.6514421133000316e-05,-4.5765178500271455,1.8828750266052132,1.3721789338877104,51,20,-3.9997379287354446,3.4956257343292236,0.7216266393661499,0.8754846453666687,1.8762352373107443,S-S,/root/models/uma-s-1p2.pt,cuda
gb_Sigma3_t1_Li_vac_c1_s1,D:\毕业设计\LPSCl_UMA_transport_project\01_structures\gb_Sigma3_t1_Li_vac_c1_s1\POSCAR,Li287P48S240Cl48,gb,0,1,t1,1,within_delta,1,1,623,287,48,240,48,25.181979300682464,14.538822527976606,37.212696654423695,13624.175852450795,1.5691697331972196,0.4606741573033708,0.02106549439086789,10.0,18.606348,2.05897547885192,P-S,2.3321249996875006,3.75662439411175e-15,2.332124999687487,2.332124999687513,3.642489400313848,3.0752882415763384e-15,3.6424894003138406,3.6424894003138646,3.144843773516372,0.34202753915733053,2.3816419356901535,3.2981228037074155,2.0589754788519263,2.0511601988091347e-15,2.05897547885192,2.058975478851931,2.6655052264808363,0.7463931896304326,0.0,0.0,1,-5652.994497670531,0.497334,0,0,03_followup/followup_final_results.csv,2.6514421133000316e-05,-4.5765178500271455,2.7388228970304362e-05,-4.562436050012984,nan,nan,nan,0,,,,md_700K_1000steps,screening,700,626.514758100814,1000,1000,1.0,2.7388228970304362e-05,-4.562436050012984,1.9741361259307273,1.4050395460380207,51,20,-3.989519789843474,5.06068754196167,0.7867810130119324,0.9606836438179016,1.8715439536310816,P-S,/root/models/uma-s-1p2.pt,cuda
gb_Sigma3_t2_Li_vac_c1_s2,D:\毕业设计\LPSCl_UMA_transport_project\01_structures\gb_Sigma3_t2_Li_vac_c1_s2\POSCAR,Li287P48S240Cl48,gb,0,1,t2,2,within_delta,1,1,623,287,48,240,48,25.181979300682464,14.538822527976606,37.212696654423695,13624.175852450795,1.5691697331972196,0.4606741573033708,0.02106549439086789,10.0,18.606348,2.0589754788519206,P-S,2.3321249996875,3.4731991788334257e-15,2.3321249996874878,2.3321249996875086,3.642489400313848,3.050722782398706e-15,3.642489400313838,3.64248940031386,3.1448437735163726,0.34202753915733025,2.3816419356901575,3.2981228037074186,2.0589754788519263,2.102595536396881e-15,2.0589754788519206,2.058975478851931,2.6655052264808363,0.7463931896304326,0.0,0.0,1,-5652.902032666215,0.509602,0,0,03_followup/followup_final_results.csv,3.260285320551133e-05,-4.48674439142939,3.5859090269117176e-05,-4.445400732512654,nan,nan,nan,0,,,,md_600K_1000steps,screening,600,550.9924780106221,1000,1000,1.0,3.260285320551133e-05,-4.48674439142939,2.1116222009879655,1.4531421819587942,51,20,-3.996221876529351,3.744311571121216,0.7314189672470093,0.8907834887504578,1.901329582778843,P-S,/root/models/uma-s-1p2.pt,cuda
gb_Sigma3_t2_Li_vac_c1_s2,D:\毕业设计\LPSCl_UMA_transport_project\01_structures\gb_Sigma3_t2_Li_vac_c1_s2\POSCAR,Li287P48S240Cl48,gb,0,1,t2,2,within_delta,1,1,623,287,48,240,48,25.181979300682464,14.538822527976606,37.212696654423695,13624.175852450795,1.5691697331972196,0.4606741573033708,0.02106549439086789,10.0,18.606348,2.0589754788519206,P-S,2.3321249996875,3.4731991788334257e-15,2.3321249996874878,2.3321249996875086,3.642489400313848,3.050722782398706e-15,3.642489400313838,3.64248940031386,3.1448437735163726,0.34202753915733025,2.3816419356901575,3.2981228037074186,2.0589754788519263,2.102595536396881e-15,2.0589754788519206,2.058975478851931,2.6655052264808363,0.7463931896304326,0.0,0.0,1,-5652.902032666215,0.509602,0,0,03_followup/followup_final_results.csv,3.260285320551133e-05,-4.48674439142939,3.5859090269117176e-05,-4.445400732512654,nan,nan,nan,0,,,,md_700K_1000steps,screening,700,671.6353395663028,1000,1000,1.0,3.5859090269117176e-05,-4.445400732512654,2.491285688045211,1.578380717078491,51,20,-3.9870256952937013,3.6107985973358154,0.8063274025917053,0.9883407354354858,1.871181747057363,P-S,/root/models/uma-s-1p2.pt,cuda
gb_Sigma3_t3,D:\毕业设计\LPSCl_UMA_transport_project\01_structures\gb_Sigma3_t3\POSCAR,Li288P48S240Cl48,gb,0,1,t3,3,within_delta,0,0,624,288,48,240,48,25.181979300682464,14.538822527976606,37.212696654423695,13624.175852450795,1.570015592884513,0.46153846153846156,0.02113889332602771,10.0,18.606348,1.4946232690551677,P-S,2.3321249996875006,3.6615859287063726e-15,2.3321249996874878,2.332124999687513,3.6424894003138473,3.1583411398257853e-15,3.6424894003138375,3.642489400313864,3.1206827908286012,0.3999975447252759,2.1092270641710558,3.298122803707417,1.9649167772191338,0.21032165072629336,1.4946232690551677,2.0589754788519308,2.6944444444444446,0.6999779537974529,0.0,0.0,1,-5661.350821909827,nan,1,0,03_followup/results_summary.csv,2.1635359231215e-05,-4.664835889425775,3.281554023479308e-05,-4.483920441656691,1.1018556729907985e-05,1.9157546475480393e-05,2.4366934536974397e-05,1,0.1660873556464215,4.5638153188913007e-07,59.78972542699769,md_600K_20steps,pilot,600,297.1220916406132,20,20,0.02,5.7490347797239386e-05,-4.240405064010748,0.05274692386265591,0.2296669847031913,21,1,-4.029719795366271,3.4185001850128174,0.7282194495201111,0.8812986016273499,1.9160216917440867,S-S,/root/models/uma-s-1p2.pt,cuda
gb_Sigma3_t3,D:\毕业设计\LPSCl_UMA_transport_project\01_structures\gb_Sigma3_t3\POSCAR,Li288P48S240Cl48,gb,0,1,t3,3,within_delta,0,0,624,288,48,240,48,25.181979300682464,14.538822527976606,37.212696654423695,13624.175852450795,1.570015592884513,0.46153846153846156,0.02113889332602771,10.0,18.606348,1.4946232690551677,P-S,2.3321249996875006,3.6615859287063726e-15,2.3321249996874878,2.332124999687513,3.6424894003138473,3.1583411398257853e-15,3.6424894003138375,3.642489400313864,3.1206827908286012,0.3999975447252759,2.1092270641710558,3.298122803707417,1.9649167772191338,0.21032165072629336,1.4946232690551677,2.0589754788519308,2.6944444444444446,0.6999779537974529,0.0,0.0,1,-5661.350821909827,nan,1,0,03_followup/results_summary.csv,2.1635359231215e-05,-4.664835889425775,3.281554023479308e-05,-4.483920441656691,1.1018556729907985e-05,1.9157546475480393e-05,2.4366934536974397e-05,1,0.1660873556464215,4.5638153188913007e-07,59.78972542699769,md_600K_200steps,pilot,600,387.15726246423975,200,200,0.2,2.9631060531467257e-05,-4.528252804317397,0.42184091563622655,0.6494928141528793,11,20,-4.031131203905306,3.4098398685455322,0.6126924753189087,0.7412195205688477,1.9167812684592016,S-S,/root/models/uma-s-1p2.pt,cuda
gb_Sigma3_t3,D:\毕业设计\LPSCl_UMA_transport_project\01_structures\gb_Sigma3_t3\POSCAR,Li288P48S240Cl48,gb,0,1,t3,3,within_delta,0,0,624,288,48,240,48,25.181979300682464,14.538822527976606,37.212696654423695,13624.175852450795,1.570015592884513,0.46153846153846156,0.02113889332602771,10.0,18.606348,1.4946232690551677,P-S,2.3321249996875006,3.6615859287063726e-15,2.3321249996874878,2.332124999687513,3.6424894003138473,3.1583411398257853e-15,3.6424894003138375,3.642489400313864,3.1206827908286012,0.3999975447252759,2.1092270641710558,3.298122803707417,1.9649167772191338,0.21032165072629336,1.4946232690551677,2.0589754788519308,2.6944444444444446,0.6999779537974529,0.0,0.0,1,-5661.350821909827,nan,1,0,03_followup/results_summary.csv,2.1635359231215e-05,-4.664835889425775,3.281554023479308e-05,-4.483920441656691,1.1018556729907985e-05,1.9157546475480393e-05,2.4366934536974397e-05,1,0.1660873556464215,4.5638153188913007e-07,59.78972542699769,md_600K_1000steps,screening,600,506.76621149680676,1000,1000,1.0,2.1635359231215e-05,-4.664835889425775,1.5452564201860066,1.2430834325120768,51,20,-4.018064230119972,3.3535640239715576,0.7109037637710571,0.8652103543281555,1.8819601756850772,S-S,/root/models/uma-s-1p2.pt,cuda
gb_Sigma3_t3,D:\毕业设计\LPSCl_UMA_transport_project\01_structures\gb_Sigma3_t3\POSCAR,Li288P48S240Cl48,gb,0,1,t3,3,within_delta,0,0,624,288,48,240,48,25.181979300682464,14.538822527976606,37.212696654423695,13624.175852450795,1.570015592884513,0.46153846153846156,0.02113889332602771,10.0,18.606348,1.4946232690551677,P-S,2.3321249996875006,3.6615859287063726e-15,2.3321249996874878,2.332124999687513,3.6424894003138473,3.1583411398257853e-15,3.6424894003138375,3.642489400313864,3.1206827908286012,0.3999975447252759,2.1092270641710558,3.298122803707417,1.9649167772191338,0.21032165072629336,1.4946232690551677,2.0589754788519308,2.6944444444444446,0.6999779537974529,0.0,0.0,1,-5661.350821909827,nan,1,0,03_followup/results_summary.csv,2.1635359231215e-05,-4.664835889425775,3.281554023479308e-05,-4.483920441656691,1.1018556729907985e-05,1.9157546475480393e-05,2.4366934536974397e-05,1,0.1660873556464215,4.5638153188913007e-07,59.78972542699769,md_600K_20000steps,formal,600,632.1157858172332,20000,20000,20.0,1.1018556729907985e-05,-4.957875287996591,19.127592632211627,4.37351033292613,201,100,-4.029982383656262,3.927560567855835,0.8106593489646912,0.982744038105011,1.8776052505125023,S-S,/root/models/uma-s-1p2.pt,cuda
gb_Sigma3_t3,D:\毕业设计\LPSCl_UMA_transport_project\01_structures\gb_Sigma3_t3\POSCAR,Li288P48S240Cl48,gb,0,1,t3,3,within_delta,0,0,624,288,48,240,48,25.181979300682464,14.538822527976606,37.212696654423695,13624.175852450795,1.570015592884513,0.46153846153846156,0.02113889332602771,10.0,18.606348,1.4946232690551677,P-S,2.3321249996875006,3.6615859287063726e-15,2.3321249996874878,2.332124999687513,3.6424894003138473,3.1583411398257853e-15,3.6424894003138375,3.642489400313864,3.1206827908286012,0.3999975447252759,2.1092270641710558,3.298122803707417,1.9649167772191338,0.21032165072629336,1.4946232690551677,2.0589754788519308,2.6944444444444446,0.6999779537974529,0.0,0.0,1,-5661.350821909827,nan,1,0,03_followup/results_summary.csv,2.1635359231215e-05,-4.664835889425775,3.281554023479308e-05,-4.483920441656691,1.1018556729907985e-05,1.9157546475480393e-05,2.4366934536974397e-05,1,0.1660873556464215,4.5638153188913007e-07,59.78972542699769,md_700K_1000steps,screening,700,597.7801714397103,1000,1000,1.0,3.281554023479308e-05,-4.483920441656691,2.068912074166404,1.438371326941136,51,20,-4.009701612938408,2.8556857109069824,0.7247103452682495,0.8549389243125916,1.9343670592789,P-S,/root/models/uma-s-1p2.pt,cuda
gb_Sigma3_t3,D:\毕业设计\LPSCl_UMA_transport_project\01_structures\gb_Sigma3_t3\POSCAR,Li288P48S240Cl48,gb,0,1,t3,3,within_delta,0,0,624,288,48,240,48,25.181979300682464,14.538822527976606,37.212696654423695,13624.175852450795,1.570015592884513,0.46153846153846156,0.02113889332602771,10.0,18.606348,1.4946232690551677,P-S,2.3321249996875006,3.6615859287063726e-15,2.3321249996874878,2.332124999687513,3.6424894003138473,3.1583411398257853e-15,3.6424894003138375,3.642489400313864,3.1206827908286012,0.3999975447252759,2.1092270641710558,3.298122803707417,1.9649167772191338,0.21032165072629336,1.4946232690551677,2.0589754788519308,2.6944444444444446,0.6999779537974529,0.0,0.0,1,-5661.350821909827,nan,1,0,03_followup/results_summary.csv,2.1635359231215e-05,-4.664835889425775,3.281554023479308e-05,-4.483920441656691,1.1018556729907985e-05,1.9157546475480393e-05,2.4366934536974397e-05,1,0.1660873556464215,4.5638153188913007e-07,59.78972542699769,md_700K_20000steps,formal,700,717.0439049061656,20000,20000,20.0,1.9157546475480393e-05,-4.717660112188074,30.799025144117657,5.549686941091151,201,100,-4.023077208572326,4.043278694152832,0.8481095433235168,1.00076162815094,1.9278530979468527,P-S,/root/models/uma-s-1p2.pt,cuda
gb_Sigma3_t3,D:\毕业设计\LPSCl_UMA_transport_project\01_structures\gb_Sigma3_t3\POSCAR,Li288P48S240Cl48,gb,0,1,t3,3,within_delta,0,0,624,288,48,240,48,25.181979300682464,14.538822527976606,37.212696654423695,13624.175852450795,1.570015592884513,0.46153846153846156,0.02113889332602771,10.0,18.606348,1.4946232690551677,P-S,2.3321249996875006,3.6615859287063726e-15,2.3321249996874878,2.332124999687513,3.6424894003138473,3.1583411398257853e-15,3.6424894003138375,3.642489400313864,3.1206827908286012,0.3999975447252759,2.1092270641710558,3.298122803707417,1.9649167772191338,0.21032165072629336,1.4946232690551677,2.0589754788519308,2.6944444444444446,0.6999779537974529,0.0,0.0,1,-5661.350821909827,nan,1,0,03_followup/results_summary.csv,2.1635359231215e-05,-4.664835889425775,3.281554023479308e-05,-4.483920441656691,1.1018556729907985e-05,1.9157546475480393e-05,2.4366934536974397e-05,1,0.1660873556464215,4.5638153188913007e-07,59.78972542699769,md_800K_20000steps,formal,800,806.1304902874579,20000,20000,20.0,2.4366934536974397e-05,-4.613199103454399,37.77930836455798,6.146487481851564,201,100,-4.003891093002886,3.8318045139312744,0.8887839913368225,1.0509189367294312,1.9054822450038018,P-S,/root/models/uma-s-1p2.pt,cuda
gb_Sigma3_t3_Li_vac_c1_s1,D:\毕业设计\LPSCl_UMA_transport_project\01_structures\gb_Sigma3_t3_Li_vac_c1_s1\POSCAR,Li287P48S240Cl48,gb,0,1,t3,3,within_delta,1,1,623,287,48,240,48,25.181979300682464,14.538822527976606,37.212696654423695,13624.175852450795,1.5691697331972196,0.4606741573033708,0.02106549439086789,10.0,18.606348,1.4946232690551677,P-S,2.3321249996875,3.684968093516862e-15,2.3321249996874878,2.332124999687513,3.642489400313848,3.0858836773553096e-15,3.6424894003138375,3.642489400313864,3.120064532944006,0.4005564058927038,2.1092270641710558,3.298122803707417,1.9649167772191338,0.21032165072629336,1.4946232690551677,2.0589754788519308,2.6933797909407664,0.7009635518734256,0.0,0.0,1,-5653.742445537199,0.321875,0,0,03_followup/followup_final_results.csv,1.7703913453842998e-05,-4.751930722138316,1.674393059681828e-05,-4.7761425848056165,1.1398475416223907e-05,1.7241305955543933e-05,2.178597325472438e-05,1,0.13482689709911475,8.506132556860961e-07,111.05038091068606,md_600K_1000steps,screening,600,505.77020691220054,1000,1000,1.0,1.7703913453842998e-05,-4.751930722138316,1.33657351826809,1.156102728250431,51,20,-4.019172416604284,3.626542091369629,0.7012202143669128,0.8466314077377319,1.9475536572139893,P-S,/root/models/uma-s-1p2.pt,cuda
gb_Sigma3_t3_Li_vac_c1_s1,D:\毕业设计\LPSCl_UMA_transport_project\01_structures\gb_Sigma3_t3_Li_vac_c1_s1\POSCAR,Li287P48S240Cl48,gb,0,1,t3,3,within_delta,1,1,623,287,48,240,48,25.181979300682464,14.538822527976606,37.212696654423695,13624.175852450795,1.5691697331972196,0.4606741573033708,0.02106549439086789,10.0,18.606348,1.4946232690551677,P-S,2.3321249996875,3.684968093516862e-15,2.3321249996874878,2.332124999687513,3.642489400313848,3.0858836773553096e-15,3.6424894003138375,3.642489400313864,3.120064532944006,0.4005564058927038,2.1092270641710558,3.298122803707417,1.9649167772191338,0.21032165072629336,1.4946232690551677,2.0589754788519308,2.6933797909407664,0.7009635518734256,0.0,0.0,1,-5653.742445537199,0.321875,0,0,03_followup/followup_final_results.csv,1.7703913453842998e-05,-4.751930722138316,1.674393059681828e-05,-4.7761425848056165,1.1398475416223907e-05,1.7241305955543933e-05,2.178597325472438e-05,1,0.13482689709911475,8.506132556860961e-07,111.05038091068606,md_600K_20000steps,formal,600,614.5024097306496,20000,20000,20.0,1.1398475416223907e-05,-4.943153233102075,18.118567242389485,4.256591035369675,201,100,-4.028466179785259,3.733269691467285,0.8042658567428589,0.986916184425354,1.8797838594809522,P-S,/root/models/uma-s-1p2.pt,cuda
gb_Sigma3_t3_Li_vac_c1_s1,D:\毕业设计\LPSCl_UMA_transport_project\01_structures\gb_Sigma3_t3_Li_vac_c1_s1\POSCAR,Li287P48S240Cl48,gb,0,1,t3,3,within_delta,1,1,623,287,48,240,48,25.181979300682464,14.538822527976606,37.212696654423695,13624.175852450795,1.5691697331972196,0.4606741573033708,0.02106549439086789,10.0,18.606348,1.4946232690551677,P-S,2.3321249996875,3.684968093516862e-15,2.3321249996874878,2.332124999687513,3.642489400313848,3.0858836773553096e-15,3.6424894003138375,3.642489400313864,3.120064532944006,0.4005564058927038,2.1092270641710558,3.298122803707417,1.9649167772191338,0.21032165072629336,1.4946232690551677,2.0589754788519308,2.6933797909407664,0.7009635518734256,0.0,0.0,1,-5653.742445537199,0.321875,0,0,03_followup/followup_final_results.csv,1.7703913453842998e-05,-4.751930722138316,1.674393059681828e-05,-4.7761425848056165,1.1398475416223907e-05,1.7241305955543933e-05,2.178597325472438e-05,1,0.13482689709911475,8.506132556860961e-07,111.05038091068606,md_700K_1000steps,screening,700,587.9533245974394,1000,1000,1.0,1.674393059681828e-05,-4.7761425848056165,1.5127559267363615,1.229941432238284,51,20,-4.010419587843027,3.8793344497680664,0.7733861804008484,0.9528935551643372,1.9177911628392899,P-S,/root/models/uma-s-1p2.pt,cuda
gb_Sigma3_t3_Li_vac_c1_s1,D:\毕业设计\LPSCl_UMA_transport_project\01_structures\gb_Sigma3_t3_Li_vac_c1_s1\POSCAR,Li287P48S240Cl48,gb,0,1,t3,3,within_delta,1,1,623,287,48,240,48,25.181979300682464,14.538822527976606,37.212696654423695,13624.175852450795,1.5691697331972196,0.4606741573033708,0.02106549439086789,10.0,18.606348,1.4946232690551677,P-S,2.3321249996875,3.684968093516862e-15,2.3321249996874878,2.332124999687513,3.642489400313848,3.0858836773553096e-15,3.6424894003138375,3.642489400313864,3.120064532944006,0.4005564058927038,2.1092270641710558,3.298122803707417,1.9649167772191338,0.21032165072629336,1.4946232690551677,2.0589754788519308,2.6933797909407664,0.7009635518734256,0.0,0.0,1,-5653.742445537199,0.321875,0,0,03_followup/followup_final_results.csv,1.7703913453842998e-05,-4.751930722138316,1.674393059681828e-05,-4.7761425848056165,1.1398475416223907e-05,1.7241305955543933e-05,2.178597325472438e-05,1,0.13482689709911475,8.506132556860961e-07,111.05038091068606,md_700K_20000steps,formal,700,693.9450592029095,20000,20000,20.0,1.7241305955543933e-05,-4.763429841306812,25.52172441215894,5.051903048570799,201,100,-4.014059871118679,3.4507012367248535,0.8496996164321899,1.0068011283874512,1.9412144355658176,P-S,/root/models/uma-s-1p2.pt,cuda
gb_Sigma3_t3_Li_vac_c1_s1,D:\毕业设计\LPSCl_UMA_transport_project\01_structures\gb_Sigma3_t3_Li_vac_c1_s1\POSCAR,Li287P48S240Cl48,gb,0,1,t3,3,within_delta,1,1,623,287,48,240,48,25.181979300682464,14.538822527976606,37.212696654423695,13624.175852450795,1.5691697331972196,0.4606741573033708,0.02106549439086789,10.0,18.606348,1.4946232690551677,P-S,2.3321249996875,3.684968093516862e-15,2.3321249996874878,2.332124999687513,3.642489400313848,3.0858836773553096e-15,3.6424894003138375,3.642489400313864,3.120064532944006,0.4005564058927038,2.1092270641710558,3.298122803707417,1.9649167772191338,0.21032165072629336,1.4946232690551677,2.0589754788519308,2.6933797909407664,0.7009635518734256,0.0,0.0,1,-5653.742445537199,0.321875,0,0,03_followup/followup_final_results.csv,1.7703913453842998e-05,-4.751930722138316,1.674393059681828e-05,-4.7761425848056165,1.1398475416223907e-05,1.7241305955543933e-05,2.178597325472438e-05,1,0.13482689709911475,8.506132556860961e-07,111.05038091068606,md_800K_20000steps,formal,800,812.3166034323672,20000,20000,20.0,2.178597325472438e-05,-4.661823033859286,34.774205262793345,5.896965767476808,201,100,-4.008917082124092,3.588252305984497,0.9300862550735474,1.1244102716445923,1.92361071370208,P-S,/root/models/uma-s-1p2.pt,cuda
gb_Sigma3_t3_Li_vac_c2_s2,D:\毕业设计\LPSCl_UMA_transport_project\01_structures\gb_Sigma3_t3_Li_vac_c2_s2\POSCAR,Li286P48S240Cl48,gb,0,1,t3,3,within_delta,2,1,622,286,48,240,48,25.181979300682464,14.538822527976606,37.212696654423695,13624.175852450795,1.568323873509926,0.45980707395498394,0.020992095455708074,10.0,18.606348,1.4946232690551677,P-S,2.3321249996875006,3.662618294489236e-15,2.3321249996874878,2.332124999687513,3.6424894003138486,3.1141651008535814e-15,3.6424894003138375,3.642489400313864,3.1194419515777003,0.4011174253939397,2.1092270641710558,3.298122803707417,1.9649167772191338,0.21032165072629336,1.4946232690551677,2.0589754788519308,2.6923076923076925,0.7019530121023555,0.0,0.0,1,-5646.194498039606,0.367908,0,0,03_followup/followup_final_results.csv,3.824806817829249e-05,-4.417390495169048,2.696972822798456e-05,-4.569123429879379,nan,nan,nan,0,,,,md_600K_1000steps,screening,600,508.2174851336908,1000,1000,1.0,3.824806817829249e-05,-4.417390495169048,2.118864677397583,1.4556320542628838,51,20,-4.016116037619967,3.674272298812866,0.730105459690094,0.8945882320404053,1.8906577970807898,P-S,/root/models/uma-s-1p2.pt,cuda
gb_Sigma3_t3_Li_vac_c2_s2,D:\毕业设计\LPSCl_UMA_transport_project\01_structures\gb_Sigma3_t3_Li_vac_c2_s2\POSCAR,Li286P48S240Cl48,gb,0,1,t3,3,within_delta,2,1,622,286,48,240,48,25.181979300682464,14.538822527976606,37.212696654423695,13624.175852450795,1.568323873509926,0.45980707395498394,0.020992095455708074,10.0,18.606348,1.4946232690551677,P-S,2.3321249996875006,3.662618294489236e-15,2.3321249996874878,2.332124999687513,3.6424894003138486,3.1141651008535814e-15,3.6424894003138375,3.642489400313864,3.1194419515777003,0.4011174253939397,2.1092270641710558,3.298122803707417,1.9649167772191338,0.21032165072629336,1.4946232690551677,2.0589754788519308,2.6923076923076925,0.7019530121023555,0.0,0.0,1,-5646.194498039606,0.367908,0,0,03_followup/followup_final_results.csv,3.824806817829249e-05,-4.417390495169048,2.696972822798456e-05,-4.569123429879379,nan,nan,nan,0,,,,md_700K_1000steps,screening,700,582.4037128853998,1000,1000,1.0,2.696972822798456e-05,-4.569123429879379,1.925529271284291,1.3876344155736016,51,20,-4.005997308303557,3.483015537261963,0.7767546772956848,0.9303872585296631,1.8989254098540702,P-S,/root/models/uma-s-1p2.pt,cuda
